<?xml version="1.0" encoding="UTF-8" standalone="yes"?>
<addon id="repository.weasel" name="WeAsEl Repo" version="0.0.1" provider-name="WeAsEl">
	<extension point="xbmc.addon.repository" name="WeAsEl Repo">
		<dir>
			<info compressed="false">https://raw.githubusercontent.com/totalrevolution/python-koding/master/zips/addons.xml</info>
			<checksum>https://raw.githubusercontent.com/totalrevolution/python-koding/master/zips/addons.xml.md5</checksum>
			<datadir zip="true">https://raw.githubusercontent.com/totalrevolution/python-koding/master/zips/</datadir>
		</dir>
		<info compressed="false">https://raw.githubusercontent.com/WeAsEl/repository.weasel/master/zips/addons.xml</info>
		<checksum>https://raw.githubusercontent.com/WeAsEl/repository.weasel/master/zips/addons.xml.md5</checksum>
		<datadir zip="true">https://raw.githubusercontent.com/WeAsEl/repository.weasel/master/zips/</datadir>
	</extension>
	<extension point="xbmc.addon.metadata">
		<summary lang="en">anime</summary>
		<description lang="en">Anime</description>
		<genre>anime</genre>
	</extension>
</addon>